,class,name,training_label
0,NEGATIVE,780,-1
1,NEGATIVE,482,4
2,NEGATIVE,296,2
3,NEGATIVE,85,2
4,NEGATIVE,526,2
5,NEGATIVE,515,0
6,NEGATIVE,103,4
7,NEGATIVE,375,1
8,NEGATIVE,594,0
9,NEGATIVE,572,1
10,NEGATIVE,635,2
11,NEGATIVE,107,1
12,NEGATIVE,883,0
13,NEGATIVE,717,0
14,NEGATIVE,409,4
15,NEGATIVE,416,1
16,NEGATIVE,529,2
17,NEGATIVE,757,4
18,NEGATIVE,25,-1
19,NEGATIVE,789,0
20,NEGATIVE,147,3
21,NEGATIVE,427,4
22,NEGATIVE,506,2
23,NEGATIVE,618,0
24,NEGATIVE,75,2
25,NEGATIVE,851,1
26,NEGATIVE,320,3
27,NEGATIVE,619,3
28,NEGATIVE,672,3
29,NEGATIVE,653,4
30,NEGATIVE,358,1
31,NEGATIVE,798,4
32,NEGATIVE,964,4
33,NEGATIVE,830,2
34,NEGATIVE,129,3
35,NEGATIVE,853,0
36,NEGATIVE,544,1
37,NEGATIVE,267,1
38,NEGATIVE,918,3
39,NEGATIVE,63,1
40,NEGATIVE,269,2
41,NEGATIVE,828,3
42,NEGATIVE,630,1
43,NEGATIVE,83,1
44,NEGATIVE,28,3
45,NEGATIVE,233,1
46,NEGATIVE,7,0
47,NEGATIVE,387,2
48,NEGATIVE,423,4
49,NEGATIVE,356,0
50,NEGATIVE,713,0
51,NEGATIVE,978,0
52,NEGATIVE,691,-1
53,NEGATIVE,304,1
54,NEGATIVE,318,4
55,NEGATIVE,150,3
56,NEGATIVE,139,2
57,NEGATIVE,297,1
58,NEGATIVE,815,3
59,NEGATIVE,494,1
60,NEGATIVE,715,2
61,NEGATIVE,650,1
62,NEGATIVE,849,-1
63,NEGATIVE,722,1
64,NEGATIVE,208,2
65,NEGATIVE,459,0
66,NEGATIVE,327,3
67,NEGATIVE,927,1
68,NEGATIVE,609,-1
69,NEGATIVE,471,2
70,NEGATIVE,716,4
71,NEGATIVE,610,4
72,NEGATIVE,936,-1
73,NEGATIVE,366,2
74,NEGATIVE,204,2
75,NEGATIVE,615,3
76,NEGATIVE,885,-1
77,NEGATIVE,197,1
78,NEGATIVE,801,1
79,NEGATIVE,669,1
80,NEGATIVE,519,2
81,NEGATIVE,681,-1
82,NEGATIVE,673,4
83,NEGATIVE,357,2
84,NEGATIVE,410,3
85,NEGATIVE,184,3
86,NEGATIVE,586,0
87,NEGATIVE,779,3
88,NEGATIVE,858,-1
89,NEGATIVE,917,-1
90,NEGATIVE,813,3
91,NEGATIVE,598,2
92,NEGATIVE,363,3
93,NEGATIVE,329,4
94,NEGATIVE,424,1
95,NEGATIVE,499,4
96,NEGATIVE,132,2
97,NEGATIVE,26,-1
98,NEGATIVE,17,1
99,NEGATIVE,220,0
100,NEGATIVE,340,0
101,NEGATIVE,74,-1
102,NEGATIVE,656,3
103,NEGATIVE,995,3
104,NEGATIVE,963,3
105,NEGATIVE,131,4
106,NEGATIVE,412,3
107,NEGATIVE,341,3
108,NEGATIVE,347,1
109,NEGATIVE,295,4
110,NEGATIVE,232,3
111,NEGATIVE,679,0
112,NEGATIVE,756,2
113,NEGATIVE,739,3
114,NEGATIVE,625,2
115,NEGATIVE,391,3
116,NEGATIVE,475,4
117,NEGATIVE,903,2
118,NEGATIVE,783,3
119,NEGATIVE,278,4
120,NEGATIVE,213,2
121,NEGATIVE,753,2
122,NEGATIVE,765,0
123,NEGATIVE,919,3
124,NEGATIVE,514,3
125,NEGATIVE,221,2
126,NEGATIVE,861,2
127,NEGATIVE,448,2
128,NEGATIVE,649,-1
129,NEGATIVE,3,1
130,NEGATIVE,705,4
131,NEGATIVE,133,-1
132,NEGATIVE,937,2
133,NEGATIVE,260,2
134,NEGATIVE,561,1
135,NEGATIVE,803,3
136,NEGATIVE,703,4
137,NEGATIVE,762,4
138,NEGATIVE,795,2
139,NEGATIVE,60,3
140,NEGATIVE,394,1
141,NEGATIVE,176,-1
142,NEGATIVE,261,-1
143,NEGATIVE,498,3
144,NEGATIVE,42,2
145,NEGATIVE,950,2
146,NEGATIVE,381,-1
147,NEGATIVE,847,1
148,NEGATIVE,505,0
149,NEGATIVE,491,4
150,NEGATIVE,585,2
151,NEGATIVE,101,3
152,NEGATIVE,894,3
153,NEGATIVE,701,0
154,NEGATIVE,668,1
155,NEGATIVE,597,3
156,NEGATIVE,487,1
157,NEGATIVE,104,2
158,NEGATIVE,725,-1
159,NEGATIVE,411,0
160,NEGATIVE,627,-1
161,NEGATIVE,520,1
162,NEGATIVE,294,1
163,NEGATIVE,512,0
164,NEGATIVE,637,1
165,NEGATIVE,488,1
166,NEGATIVE,144,3
167,NEGATIVE,814,3
168,NEGATIVE,613,-1
169,NEGATIVE,113,4
170,NEGATIVE,961,3
171,NEGATIVE,636,4
172,NEGATIVE,732,1
173,NEGATIVE,328,4
174,NEGATIVE,799,3
175,NEGATIVE,161,-1
176,NEGATIVE,122,1
177,NEGATIVE,243,4
178,NEGATIVE,891,4
179,NEGATIVE,540,0
180,NEGATIVE,916,1
181,NEGATIVE,872,0
182,NEGATIVE,622,0
183,NEGATIVE,997,1
184,NEGATIVE,207,0
185,NEGATIVE,764,0
186,NEGATIVE,583,3
187,NEGATIVE,156,3
188,NEGATIVE,12,1
189,NEGATIVE,876,4
190,NEGATIVE,396,1
191,NEGATIVE,291,-1
192,NEGATIVE,433,3
193,NEGATIVE,222,4
194,NEGATIVE,167,3
195,NEGATIVE,676,4
196,NEGATIVE,479,4
197,NEGATIVE,603,0
198,NEGATIVE,376,1
199,NEGATIVE,9,0
200,NEGATIVE,576,2
201,NEGATIVE,761,1
202,NEGATIVE,142,1
203,NEGATIVE,334,4
204,NEGATIVE,606,4
205,NEGATIVE,749,3
206,NEGATIVE,833,2
207,NEGATIVE,299,1
208,NEGATIVE,962,4
209,NEGATIVE,385,0
210,NEGATIVE,275,3
211,NEGATIVE,281,4
212,NEGATIVE,787,-1
213,NEGATIVE,181,0
214,NEGATIVE,84,3
215,NEGATIVE,595,1
216,NEGATIVE,859,2
217,NEGATIVE,782,1
218,NEGATIVE,702,0
219,NEGATIVE,23,-1
220,NEGATIVE,984,2
221,NEGATIVE,1011,4
222,NEGATIVE,556,2
223,NEGATIVE,687,0
224,NEGATIVE,897,1
225,NEGATIVE,403,4
226,NEGATIVE,38,2
227,NEGATIVE,986,3
228,NEGATIVE,242,0
229,NEGATIVE,172,0
230,NEGATIVE,796,2
231,NEGATIVE,621,1
232,NEGATIVE,364,0
233,NEGATIVE,990,3
234,NEGATIVE,1013,1
235,NEGATIVE,136,3
236,NEGATIVE,1007,2
237,NEGATIVE,302,2
238,NEGATIVE,706,4
239,NEGATIVE,21,4
240,NEGATIVE,589,2
241,NEGATIVE,546,0
242,NEGATIVE,241,1
243,NEGATIVE,250,0
244,NEGATIVE,285,-1
245,NEGATIVE,810,1
246,NEGATIVE,671,3
247,NEGATIVE,377,0
248,NEGATIVE,332,1
249,NEGATIVE,933,4
250,NEGATIVE,273,1
251,NEGATIVE,277,1
252,NEGATIVE,307,0
253,NEGATIVE,473,1
254,NEGATIVE,455,2
255,NEGATIVE,920,2
256,NEGATIVE,530,4
257,NEGATIVE,386,2
258,NEGATIVE,518,0
259,NEGATIVE,991,2
260,NEGATIVE,1012,0
261,NEGATIVE,96,0
262,NEGATIVE,428,3
263,NEGATIVE,466,1
264,NEGATIVE,592,0
265,NEGATIVE,670,0
266,NEGATIVE,840,4
267,NEGATIVE,1004,3
268,NEGATIVE,909,-1
269,NEGATIVE,460,0
270,NEGATIVE,331,0
271,NEGATIVE,562,0
272,NEGATIVE,807,2
273,NEGATIVE,752,4
274,NEGATIVE,822,1
275,NEGATIVE,77,1
276,NEGATIVE,300,1
277,NEGATIVE,251,4
278,NEGATIVE,168,-1
279,NEGATIVE,31,2
280,NEGATIVE,690,2
281,NEGATIVE,879,3
282,NEGATIVE,931,4
283,NEGATIVE,660,2
284,NEGATIVE,210,2
285,NEGATIVE,712,4
286,NEGATIVE,198,-1
287,NEGATIVE,588,2
288,NEGATIVE,325,-1
289,NEGATIVE,969,4
290,NEGATIVE,877,1
291,NEGATIVE,534,0
292,NEGATIVE,578,3
293,NEGATIVE,146,4
294,NEGATIVE,552,3
295,NEGATIVE,956,0
296,NEGATIVE,838,4
297,NEGATIVE,450,4
298,NEGATIVE,633,3
299,NEGATIVE,10,1
300,NEGATIVE,728,2
301,NEGATIVE,216,-1
302,NEGATIVE,100,0
303,NEGATIVE,532,-1
304,NEGATIVE,200,0
305,NEGATIVE,699,0
306,NEGATIVE,742,2
307,NEGATIVE,313,2
308,NEGATIVE,850,0
309,NEGATIVE,503,-1
310,NEGATIVE,324,0
311,NEGATIVE,817,3
312,NEGATIVE,203,0
313,NEGATIVE,323,1
314,NEGATIVE,628,1
315,NEGATIVE,932,3
316,NEGATIVE,694,3
317,NEGATIVE,564,0
318,NEGATIVE,747,3
319,NEGATIVE,900,1
320,NEGATIVE,509,2
321,NEGATIVE,642,4
322,NEGATIVE,79,3
323,NEGATIVE,435,-1
324,NEGATIVE,19,4
325,NEGATIVE,47,4
326,NEGATIVE,1008,2
327,NEGATIVE,274,1
328,NEGATIVE,138,2
329,NEGATIVE,665,0
330,NEGATIVE,359,-1
331,NEGATIVE,436,4
332,NEGATIVE,880,1
333,NEGATIVE,992,4
334,NEGATIVE,134,4
335,NEGATIVE,664,3
336,NEGATIVE,254,1
337,NEGATIVE,467,2
338,NEGATIVE,726,-1
339,NEGATIVE,271,0
340,NEGATIVE,704,3
341,NEGATIVE,437,2
342,NEGATIVE,766,3
343,NEGATIVE,826,-1
344,NEGATIVE,604,-1
345,NEGATIVE,910,3
346,NEGATIVE,447,4
347,NEGATIVE,395,0
348,NEGATIVE,73,3
349,NEGATIVE,915,1
350,NEGATIVE,449,4
351,NEGATIVE,429,3
352,NEGATIVE,415,2
353,NEGATIVE,463,2
354,NEGATIVE,816,3
355,NEGATIVE,898,4
356,NEGATIVE,631,0
357,NEGATIVE,121,1
358,NEGATIVE,776,0
359,NEGATIVE,234,2
360,NEGATIVE,949,-1
361,NEGATIVE,171,2
362,NEGATIVE,824,1
363,NEGATIVE,825,2
364,NEGATIVE,162,-1
365,NEGATIVE,370,0
366,NEGATIVE,114,4
367,NEGATIVE,367,3
368,NEGATIVE,587,2
369,NEGATIVE,421,0
370,NEGATIVE,501,1
371,NEGATIVE,640,1
372,NEGATIVE,93,3
373,NEGATIVE,40,2
374,NEGATIVE,283,3
375,NEGATIVE,993,4
376,NEGATIVE,542,4
377,NEGATIVE,513,0
378,NEGATIVE,266,2
379,NEGATIVE,224,2
380,NEGATIVE,365,-1
381,NEGATIVE,135,2
382,NEGATIVE,27,1
383,NEGATIVE,311,3
384,NEGATIVE,778,4
385,NEGATIVE,202,0
386,NEGATIVE,644,1
387,NEGATIVE,981,2
388,NEGATIVE,444,1
389,NEGATIVE,987,0
390,NEGATIVE,401,4
391,NEGATIVE,188,4
392,NEGATIVE,18,3
393,NEGATIVE,819,4
394,NEGATIVE,821,4
395,NEGATIVE,369,2
396,NEGATIVE,639,-1
397,NEGATIVE,869,4
398,NEGATIVE,559,0
399,NEGATIVE,575,3
400,NEGATIVE,804,3
401,NEGATIVE,309,3
402,NEGATIVE,791,3
403,NEGATIVE,682,0
404,NEGATIVE,805,1
405,NEGATIVE,550,1
406,NEGATIVE,926,0
407,NEGATIVE,908,0
408,NEGATIVE,808,0
409,NEGATIVE,343,3
410,NEGATIVE,258,2
411,NEGATIVE,982,2
412,NEGATIVE,892,2
413,NEGATIVE,744,4
414,NEGATIVE,183,4
415,NEGATIVE,510,0
416,NEGATIVE,434,1
417,NEGATIVE,623,0
418,NEGATIVE,581,4
419,NEGATIVE,527,3
420,NEGATIVE,922,0
421,NEGATIVE,686,1
422,NEGATIVE,994,0
423,NEGATIVE,342,2
424,NEGATIVE,751,1
425,NEGATIVE,914,1
426,NEGATIVE,577,0
427,NEGATIVE,667,0
428,NEGATIVE,1000,4
429,NEGATIVE,442,1
430,NEGATIVE,205,4
431,NEGATIVE,923,2
432,NEGATIVE,537,4
433,NEGATIVE,504,0
434,NEGATIVE,763,0
435,NEGATIVE,811,4
436,NEGATIVE,67,4
437,NEGATIVE,225,4
438,NEGATIVE,733,4
439,NEGATIVE,76,3
440,NEGATIVE,750,4
441,NEGATIVE,227,3
442,NEGATIVE,383,0
443,NEGATIVE,378,1
444,NEGATIVE,477,3
445,NEGATIVE,164,-1
446,NEGATIVE,718,1
447,NEGATIVE,904,2
448,NEGATIVE,860,3
449,NEGATIVE,565,-1
450,NEGATIVE,599,4
451,NEGATIVE,143,-1
452,NEGATIVE,772,1
453,NEGATIVE,953,-1
454,NEGATIVE,797,-1
455,NEGATIVE,34,2
456,NEGATIVE,944,4
457,NEGATIVE,124,3
458,NEGATIVE,837,-1
459,NEGATIVE,456,2
460,NEGATIVE,153,0
461,NEGATIVE,182,1
462,NEGATIVE,902,4
463,NEGATIVE,528,-1
464,NEGATIVE,476,4
465,NEGATIVE,907,4
466,NEGATIVE,173,2
467,NEGATIVE,127,4
468,NEGATIVE,80,0
469,NEGATIVE,326,4
470,NEGATIVE,255,2
471,NEGATIVE,968,0
472,NEGATIVE,312,2
473,NEGATIVE,317,4
474,NEGATIVE,624,3
475,NEGATIVE,337,1
476,NEGATIVE,845,3
477,NEGATIVE,407,1
478,NEGATIVE,15,-1
479,NEGATIVE,201,0
480,NEGATIVE,773,3
481,NEGATIVE,652,4
482,NEGATIVE,996,3
483,NEGATIVE,893,1
484,NEGATIVE,468,0
485,NEGATIVE,608,4
486,NEGATIVE,785,1
487,NEGATIVE,228,0
488,NEGATIVE,335,2
489,NEGATIVE,507,-1
490,NEGATIVE,92,0
491,NEGATIVE,771,2
492,NEGATIVE,685,-1
493,NEGATIVE,236,0
494,NEGATIVE,451,-1
495,NEGATIVE,774,2
496,NEGATIVE,651,4
497,NEGATIVE,257,3
498,NEGATIVE,193,0
499,NEGATIVE,199,0
500,NEGATIVE,827,1
501,NEGATIVE,484,2
502,NEGATIVE,925,3
503,NEGATIVE,846,2
504,NEGATIVE,239,0
505,NEGATIVE,259,4
506,NEGATIVE,784,4
507,NEGATIVE,698,3
508,NEGATIVE,680,1
509,NEGATIVE,95,2
510,NEGATIVE,102,3
511,NEGATIVE,533,3
512,NEGATIVE,497,0
513,LUNG_CANCER,945,4
514,LUNG_CANCER,730_0,-1
515,LUNG_CANCER,211,0
516,LUNG_CANCER,125_2,2
517,LUNG_CANCER,66_0,0
518,LUNG_CANCER,472,3
519,LUNG_CANCER,629_0,0
520,LUNG_CANCER,979_2,3
521,LUNG_CANCER,740,4
522,LUNG_CANCER,219_1,0
523,LUNG_CANCER,289_1,1
524,LUNG_CANCER,696,1
525,LUNG_CANCER,574_0,4
526,LUNG_CANCER,41,-1
527,LUNG_CANCER,452,0
528,LUNG_CANCER,137_1,3
529,LUNG_CANCER,248_1,1
530,LUNG_CANCER,896,3
531,LUNG_CANCER,217_1,2
532,LUNG_CANCER,64,4
533,LUNG_CANCER,350,-1
534,LUNG_CANCER,493_0,-1
535,LUNG_CANCER,693_1,4
536,LUNG_CANCER,11_0,3
537,LUNG_CANCER,238,2
538,LUNG_CANCER,368_1,3
539,LUNG_CANCER,406_0,3
540,LUNG_CANCER,246,0
541,LUNG_CANCER,62_1,2
542,LUNG_CANCER,425_0,1
543,LUNG_CANCER,393_1,4
544,LUNG_CANCER,214_0,4
545,LUNG_CANCER,345_0,1
546,LUNG_CANCER,174_1,0
547,LUNG_CANCER,66,-1
548,LUNG_CANCER,445_0,0
549,LUNG_CANCER,414,3
550,LUNG_CANCER,721_1,0
551,LUNG_CANCER,338_0,1
552,LUNG_CANCER,11_2,0
553,LUNG_CANCER,36,1
554,LUNG_CANCER,398_0,0
555,LUNG_CANCER,360_2,2
556,LUNG_CANCER,692_0,2
557,LUNG_CANCER,770_2,0
558,LUNG_CANCER,398,3
559,LUNG_CANCER,551_0,2
560,LUNG_CANCER,596_1,2
561,LUNG_CANCER,495_0,3
562,LUNG_CANCER,959_1,1
563,LUNG_CANCER,399_0,4
564,LUNG_CANCER,662_0,4
565,LUNG_CANCER,286,1
566,LUNG_CANCER,563,4
567,LUNG_CANCER,180,2
568,LUNG_CANCER,693_0,1
569,LUNG_CANCER,5_2,3
570,LUNG_CANCER,818_2,2
571,LUNG_CANCER,211_0,-1
572,LUNG_CANCER,870_1,4
573,LUNG_CANCER,523_2,1
574,LUNG_CANCER,246_0,3
575,LUNG_CANCER,948_1,1
576,LUNG_CANCER,692_1,0
577,LUNG_CANCER,525_1,4
578,LUNG_CANCER,895_1,3
579,LUNG_CANCER,935_2,2
580,LUNG_CANCER,835,4
581,LUNG_CANCER,677_2,2
582,LUNG_CANCER,422,1
583,LUNG_CANCER,64_0,0
584,LUNG_CANCER,769_2,-1
585,LUNG_CANCER,500_2,2
586,LUNG_CANCER,818,1
587,LUNG_CANCER,836_1,2
588,LUNG_CANCER,662_1,4
589,LUNG_CANCER,217,1
590,LUNG_CANCER,692_2,3
591,LUNG_CANCER,887_1,3
592,LUNG_CANCER,874_1,0
593,LUNG_CANCER,571_1,-1
594,LUNG_CANCER,836_0,4
595,LUNG_CANCER,36_0,0
596,LUNG_CANCER,989_2,0
597,LUNG_CANCER,338,2
598,LUNG_CANCER,777_2,4
599,LUNG_CANCER,975,3
600,LUNG_CANCER,458_1,-1
601,LUNG_CANCER,829,0
602,LUNG_CANCER,601_1,0
603,LUNG_CANCER,788_1,2
604,LUNG_CANCER,740_0,-1
605,LUNG_CANCER,857_2,1
606,LUNG_CANCER,2_0,3
607,LUNG_CANCER,62_2,4
608,LUNG_CANCER,521_1,3
609,LUNG_CANCER,857,0
610,LUNG_CANCER,438,3
611,LUNG_CANCER,279,3
612,LUNG_CANCER,727_1,-1
613,LUNG_CANCER,523_1,1
614,LUNG_CANCER,954_1,2
615,LUNG_CANCER,593,-1
616,LUNG_CANCER,431_1,4
617,LUNG_CANCER,508_0,4
618,LUNG_CANCER,149_1,-1
619,LUNG_CANCER,41_1,-1
620,LUNG_CANCER,769_0,1
621,LUNG_CANCER,737,2
622,LUNG_CANCER,414_2,3
623,LUNG_CANCER,246_2,3
624,LUNG_CANCER,362_2,3
625,LUNG_CANCER,61_0,3
626,LUNG_CANCER,69_0,0
627,LUNG_CANCER,214_2,0
628,LUNG_CANCER,78_0,0
629,LUNG_CANCER,724,2
630,LUNG_CANCER,605_2,3
631,LUNG_CANCER,957,2
632,LUNG_CANCER,696_1,2
633,LUNG_CANCER,955_2,3
634,LUNG_CANCER,170_1,-1
635,LUNG_CANCER,989,3
636,LUNG_CANCER,629_1,2
637,LUNG_CANCER,194_2,3
638,LUNG_CANCER,955_1,4
639,LUNG_CANCER,493,0
640,LUNG_CANCER,977_1,1
641,LUNG_CANCER,490_1,0
642,LUNG_CANCER,802_2,0
643,LUNG_CANCER,945_0,-1
644,LUNG_CANCER,4_1,2
645,LUNG_CANCER,802,4
646,LUNG_CANCER,180_0,0
647,LUNG_CANCER,929,1
648,LUNG_CANCER,688_1,4
649,LUNG_CANCER,240_0,3
650,LUNG_CANCER,734_1,0
651,LUNG_CANCER,393_2,0
652,LUNG_CANCER,770_1,0
653,LUNG_CANCER,874,1
654,LUNG_CANCER,360,4
655,LUNG_CANCER,794_0,3
656,LUNG_CANCER,605,1
657,LUNG_CANCER,125_0,2
658,LUNG_CANCER,794_1,0
659,LUNG_CANCER,563_2,3
660,LUNG_CANCER,452_1,1
661,LUNG_CANCER,775_2,3
662,LUNG_CANCER,362_1,1
663,LUNG_CANCER,57_0,4
664,LUNG_CANCER,593_1,3
665,LUNG_CANCER,490_0,3
666,LUNG_CANCER,41_0,4
667,LUNG_CANCER,62,4
668,LUNG_CANCER,692,1
669,LUNG_CANCER,430_0,0
670,LUNG_CANCER,41_2,1
671,LUNG_CANCER,355_0,0
672,LUNG_CANCER,57_1,3
673,LUNG_CANCER,835_2,-1
674,LUNG_CANCER,4_2,0
675,LUNG_CANCER,688_0,2
676,LUNG_CANCER,955_0,0
677,LUNG_CANCER,393_0,3
678,LUNG_CANCER,654_0,4
679,LUNG_CANCER,1001,-1
680,LUNG_CANCER,175,1
681,LUNG_CANCER,355_2,2
682,LUNG_CANCER,212,2
683,LUNG_CANCER,219_2,2
684,LUNG_CANCER,212_1,2
685,LUNG_CANCER,935,3
686,LUNG_CANCER,516_1,1
687,LUNG_CANCER,289_2,4
688,LUNG_CANCER,490,4
689,LUNG_CANCER,677_0,4
690,LUNG_CANCER,745_0,4
691,LUNG_CANCER,689,4
692,LUNG_CANCER,740_1,4
693,LUNG_CANCER,802_0,2
694,LUNG_CANCER,78_2,3
695,LUNG_CANCER,196_0,4
696,LUNG_CANCER,720,1
697,LUNG_CANCER,2_2,3
698,LUNG_CANCER,141_0,3
699,LUNG_CANCER,308,2
700,LUNG_CANCER,338_1,4
701,LUNG_CANCER,362_0,1
702,LUNG_CANCER,13,-1
703,LUNG_CANCER,174,0
704,LUNG_CANCER,350_0,-1
705,LUNG_CANCER,211_2,1
706,LUNG_CANCER,745,2
707,LUNG_CANCER,929_0,4
708,LUNG_CANCER,788_2,3
709,LUNG_CANCER,720_1,0
710,LUNG_CANCER,839_0,2
711,LUNG_CANCER,954_0,0
712,LUNG_CANCER,983_2,2
713,LUNG_CANCER,305,0
714,LUNG_CANCER,983_1,2
715,LUNG_CANCER,431_0,3
716,LUNG_CANCER,438_0,3
717,LUNG_CANCER,890_2,2
718,LUNG_CANCER,1001_0,-1
719,LUNG_CANCER,945_1,0
720,LUNG_CANCER,746,3
721,LUNG_CANCER,677,4
722,LUNG_CANCER,890_0,2
723,LUNG_CANCER,405_0,0
724,LUNG_CANCER,406,0
725,LUNG_CANCER,389_0,4
726,LUNG_CANCER,78_1,4
727,LUNG_CANCER,710_2,-1
728,LUNG_CANCER,43_0,4
729,LUNG_CANCER,169,3
730,LUNG_CANCER,209_2,1
731,LUNG_CANCER,657,0
732,LUNG_CANCER,393,1
733,LUNG_CANCER,289,4
734,LUNG_CANCER,431,0
735,LUNG_CANCER,724_0,4
736,LUNG_CANCER,935_1,4
737,LUNG_CANCER,351_2,0
738,LUNG_CANCER,601_2,4
739,LUNG_CANCER,248_0,1
740,LUNG_CANCER,13_2,1
741,LUNG_CANCER,458_0,2
742,LUNG_CANCER,516_0,3
743,LUNG_CANCER,141_2,0
744,LUNG_CANCER,958_1,4
745,LUNG_CANCER,689_1,4
746,LUNG_CANCER,194_0,2
747,LUNG_CANCER,99_0,4
748,LUNG_CANCER,238_2,0
749,LUNG_CANCER,362,0
750,LUNG_CANCER,355_1,4
751,LUNG_CANCER,305_1,2
752,LUNG_CANCER,217_2,4
753,LUNG_CANCER,214_1,1
754,LUNG_CANCER,458_2,-1
755,LUNG_CANCER,516,3
756,LUNG_CANCER,836_2,-1
757,LUNG_CANCER,570,1
758,LUNG_CANCER,734,3
759,LUNG_CANCER,464_0,2
760,LUNG_CANCER,116_2,4
761,LUNG_CANCER,730,2
762,LUNG_CANCER,485_1,0
763,LUNG_CANCER,760,0
764,LUNG_CANCER,688_2,0
765,LUNG_CANCER,298_2,-1
766,LUNG_CANCER,472_2,0
767,LUNG_CANCER,721,1
768,LUNG_CANCER,214,4
769,LUNG_CANCER,794,2
770,LUNG_CANCER,321,3
771,LUNG_CANCER,948_0,2
772,LUNG_CANCER,389,0
773,LUNG_CANCER,293,2
774,LUNG_CANCER,525,4
775,LUNG_CANCER,308_1,4
776,LUNG_CANCER,293_2,4
777,LUNG_CANCER,835_1,0
778,LUNG_CANCER,140_1,2
779,LUNG_CANCER,140_2,1
780,LUNG_CANCER,887,0
781,LUNG_CANCER,406_2,3
782,LUNG_CANCER,724_2,0
783,LUNG_CANCER,206_1,-1
784,LUNG_CANCER,405,0
785,LUNG_CANCER,632_0,4
786,LUNG_CANCER,305_0,-1
787,LUNG_CANCER,567,2
788,LUNG_CANCER,678,1
789,LUNG_CANCER,746_0,-1
790,LUNG_CANCER,116,2
791,LUNG_CANCER,2_1,3
792,LUNG_CANCER,654,4
793,LUNG_CANCER,157_2,2
794,LUNG_CANCER,593_2,0
795,LUNG_CANCER,579_2,4
796,LUNG_CANCER,1001_2,1
797,LUNG_CANCER,405_2,3
798,LUNG_CANCER,890_1,2
799,LUNG_CANCER,248_2,4
800,LUNG_CANCER,500_0,1
801,LUNG_CANCER,305_2,1
802,LUNG_CANCER,958,1
803,LUNG_CANCER,693,4
804,LUNG_CANCER,321_1,3
805,LUNG_CANCER,458,3
806,LUNG_CANCER,574,1
807,LUNG_CANCER,975_0,1
808,LUNG_CANCER,760_2,4
809,LUNG_CANCER,57,3
810,LUNG_CANCER,493_2,3
811,LUNG_CANCER,857_0,4
812,LUNG_CANCER,399_1,3
813,LUNG_CANCER,472_1,1
814,LUNG_CANCER,4_0,0
815,LUNG_CANCER,839_1,2
816,LUNG_CANCER,240_1,0
817,LUNG_CANCER,351_0,3
818,LUNG_CANCER,746_1,3
819,LUNG_CANCER,350_2,1
820,LUNG_CANCER,66_2,2
821,LUNG_CANCER,887_2,-1
822,LUNG_CANCER,99_2,2
823,LUNG_CANCER,485_2,3
824,LUNG_CANCER,157_1,1
825,LUNG_CANCER,398_1,4
826,LUNG_CANCER,174_0,-1
827,LUNG_CANCER,472_0,3
828,LUNG_CANCER,406_1,-1
829,LUNG_CANCER,574_2,0
830,LUNG_CANCER,857_1,2
831,LUNG_CANCER,422_0,1
832,LUNG_CANCER,896_1,1
833,LUNG_CANCER,483_1,2
834,LUNG_CANCER,360_0,4
835,LUNG_CANCER,989_1,0
836,LUNG_CANCER,264_0,4
837,LUNG_CANCER,730_1,3
838,LUNG_CANCER,983_0,1
839,LUNG_CANCER,678_1,3
840,LUNG_CANCER,955,0
841,LUNG_CANCER,219,1
842,LUNG_CANCER,414_0,0
843,LUNG_CANCER,137_0,-1
844,LUNG_CANCER,654_2,3
845,LUNG_CANCER,116_0,2
846,LUNG_CANCER,657_0,0
847,LUNG_CANCER,293_0,0
848,LUNG_CANCER,125,3
849,LUNG_CANCER,196,0
850,LUNG_CANCER,11,2
851,LUNG_CANCER,43_1,1
852,LUNG_CANCER,551_1,-1
853,LUNG_CANCER,464,1
854,LUNG_CANCER,895_0,0
855,LUNG_CANCER,469_1,2
856,LUNG_CANCER,831_1,-1
857,LUNG_CANCER,989_0,4
858,LUNG_CANCER,831_0,-1
859,LUNG_CANCER,629_2,2
860,LUNG_CANCER,36_2,2
861,LUNG_CANCER,212_2,1
862,LUNG_CANCER,959_2,4
863,LUNG_CANCER,500_1,3
864,LUNG_CANCER,689_2,4
865,LUNG_CANCER,175_0,2
866,LUNG_CANCER,979_0,1
867,LUNG_CANCER,64_2,4
868,LUNG_CANCER,829_2,2
869,LUNG_CANCER,346_2,3
870,LUNG_CANCER,238_0,3
871,LUNG_CANCER,219_0,4
872,LUNG_CANCER,555_2,1
873,LUNG_CANCER,425,0
874,LUNG_CANCER,308_2,4
875,LUNG_CANCER,632_2,1
876,LUNG_CANCER,948,4
877,LUNG_CANCER,727_0,2
878,LUNG_CANCER,657_1,1
879,LUNG_CANCER,596_2,-1
880,LUNG_CANCER,137_2,1
881,LUNG_CANCER,206_0,4
882,LUNG_CANCER,5_0,4
883,LUNG_CANCER,414_1,4
884,LUNG_CANCER,5,1
885,LUNG_CANCER,818_1,-1
886,LUNG_CANCER,525_2,3
887,LUNG_CANCER,570_2,1
888,LUNG_CANCER,321_2,1
889,LUNG_CANCER,979_1,0
890,LUNG_CANCER,523_0,2
891,LUNG_CANCER,368_0,1
892,LUNG_CANCER,874_2,0
893,LUNG_CANCER,398_2,1
894,LUNG_CANCER,954_2,2
895,LUNG_CANCER,293_1,0
896,LUNG_CANCER,730_2,3
897,LUNG_CANCER,87_0,0
898,LUNG_CANCER,555,-1
899,LUNG_CANCER,170_0,3
900,LUNG_CANCER,248,-1
901,LUNG_CANCER,226,3
902,LUNG_CANCER,729_1,-1
903,LUNG_CANCER,11_1,3
904,LUNG_CANCER,571,1
905,LUNG_CANCER,425_2,0
906,LUNG_CANCER,226_0,3
907,LUNG_CANCER,495,0
908,LUNG_CANCER,149_2,2
909,LUNG_CANCER,240_2,1
910,LUNG_CANCER,289_0,2
911,LUNG_CANCER,445,2
912,LUNG_CANCER,495_1,1
913,LUNG_CANCER,253_1,2
914,LUNG_CANCER,977,-1
915,LUNG_CANCER,141_1,2
916,LUNG_CANCER,957_1,3
917,LUNG_CANCER,870_2,0
918,LUNG_CANCER,777_1,3
919,LUNG_CANCER,87_2,3
920,LUNG_CANCER,659,4
921,LUNG_CANCER,957_0,4
922,LUNG_CANCER,169_0,1
923,LUNG_CANCER,368,3
924,LUNG_CANCER,195_2,1
925,LUNG_CANCER,351,0
926,LUNG_CANCER,736_2,-1
927,LUNG_CANCER,688,0
928,LUNG_CANCER,605_1,0
929,LUNG_CANCER,298_0,4
930,LUNG_CANCER,346_0,0
931,LUNG_CANCER,775,0
932,LUNG_CANCER,1001_1,2
933,LUNG_CANCER,770,0
934,LUNG_CANCER,874_0,0
935,LUNG_CANCER,895,0
936,LUNG_CANCER,775_1,0
937,LUNG_CANCER,954,3
938,LUNG_CANCER,43_2,1
939,LUNG_CANCER,935_0,3
940,LUNG_CANCER,13_0,-1
941,LUNG_CANCER,69_2,3
942,LUNG_CANCER,286_2,1
943,LUNG_CANCER,175_2,1
944,LUNG_CANCER,247_2,1
945,LUNG_CANCER,180_1,4
946,LUNG_CANCER,720_2,2
947,LUNG_CANCER,452_0,3
948,LUNG_CANCER,734_0,-1
949,LUNG_CANCER,521_0,1
950,LUNG_CANCER,495_2,3
951,LUNG_CANCER,729,2
952,LUNG_CANCER,629,3
953,LUNG_CANCER,605_0,0
954,LUNG_CANCER,264_2,1
955,LUNG_CANCER,508_2,1
956,LUNG_CANCER,137,1
957,LUNG_CANCER,292_2,2
958,LUNG_CANCER,422_2,0
959,LUNG_CANCER,689_0,1
960,LUNG_CANCER,957_2,2
961,LUNG_CANCER,870,1
962,LUNG_CANCER,493_1,1
963,LUNG_CANCER,977_2,0
964,LUNG_CANCER,563_0,2
965,LUNG_CANCER,788,1
966,LUNG_CANCER,226_2,1
967,LUNG_CANCER,351_1,-1
968,LUNG_CANCER,57_2,3
969,LUNG_CANCER,662,3
970,LUNG_CANCER,959,3
971,LUNG_CANCER,174_2,-1
972,LUNG_CANCER,724_1,-1
973,LUNG_CANCER,141,1
974,LUNG_CANCER,571_2,2
975,LUNG_CANCER,350_1,4
976,LUNG_CANCER,422_1,3
977,LUNG_CANCER,887_0,0
978,LUNG_CANCER,555_1,4
979,LUNG_CANCER,632,-1
980,LUNG_CANCER,818_0,1
981,LUNG_CANCER,870_0,0
982,LUNG_CANCER,226_1,3
983,LUNG_CANCER,469,2
984,LUNG_CANCER,975_1,2
985,LUNG_CANCER,579_0,3
986,LUNG_CANCER,490_2,3
987,LUNG_CANCER,736_1,-1
988,LUNG_CANCER,279_2,-1
989,LUNG_CANCER,196_2,-1
990,LUNG_CANCER,298_1,2
991,LUNG_CANCER,206,2
992,LUNG_CANCER,298,3
993,LUNG_CANCER,710_1,3
994,LUNG_CANCER,116_1,4
995,LUNG_CANCER,253_2,0
996,LUNG_CANCER,555_0,4
997,LUNG_CANCER,958_2,-1
998,LUNG_CANCER,194,3
999,LUNG_CANCER,788_0,3
1000,LUNG_CANCER,209_1,2
1001,LUNG_CANCER,469_0,0
1002,LUNG_CANCER,211_1,0
1003,LUNG_CANCER,196_1,1
1004,LUNG_CANCER,508_1,-1
1005,LUNG_CANCER,61,4
1006,LUNG_CANCER,839_2,0
1007,LUNG_CANCER,895_2,4
1008,LUNG_CANCER,483_0,4
1009,LUNG_CANCER,770_0,4
1010,LUNG_CANCER,601,2
1011,LUNG_CANCER,195_0,2
1012,LUNG_CANCER,839,2
1013,LUNG_CANCER,775_0,1
1014,LUNG_CANCER,157,4
1015,LUNG_CANCER,829_1,1
1016,LUNG_CANCER,209_0,4
1017,LUNG_CANCER,729_0,-1
1018,LUNG_CANCER,195,1
1019,LUNG_CANCER,794_2,2
1020,LUNG_CANCER,563_1,3
1021,LUNG_CANCER,657_2,-1
1022,LUNG_CANCER,13_1,2
1023,LUNG_CANCER,734_2,-1
1024,LUNG_CANCER,802_1,3
1025,LUNG_CANCER,678_2,4
1026,LUNG_CANCER,831,2
1027,LUNG_CANCER,338_2,1
1028,LUNG_CANCER,571_0,0
1029,LUNG_CANCER,345,4
1030,LUNG_CANCER,4,2
1031,LUNG_CANCER,890,2
1032,LUNG_CANCER,62_0,1
1033,LUNG_CANCER,745_2,2
1034,LUNG_CANCER,345_1,4
1035,LUNG_CANCER,286_1,2
1036,LUNG_CANCER,445_2,4
1037,LUNG_CANCER,740_2,0
1038,LUNG_CANCER,500,0
1039,LUNG_CANCER,737_1,3
1040,LUNG_CANCER,445_1,4
1041,LUNG_CANCER,246_1,4
1042,LUNG_CANCER,264_1,1
1043,LUNG_CANCER,745_1,4
1044,LUNG_CANCER,736_0,2
1045,LUNG_CANCER,5_1,1
1046,LUNG_CANCER,87_1,1
1047,LUNG_CANCER,247_0,2
1048,LUNG_CANCER,149,0
1049,LUNG_CANCER,61_2,2
1050,LUNG_CANCER,78,0
1051,LUNG_CANCER,601_0,4
1052,LUNG_CANCER,929_1,4
1053,LUNG_CANCER,579,4
1054,LUNG_CANCER,485,3
1055,LUNG_CANCER,485_0,1
1056,LUNG_CANCER,292,3
1057,LUNG_CANCER,279_0,2
1058,LUNG_CANCER,217_0,4
1059,LUNG_CANCER,279_1,1
1060,LUNG_CANCER,399,4
1061,LUNG_CANCER,769_1,4
1062,LUNG_CANCER,831_2,1
1063,LUNG_CANCER,567_0,3
1064,LUNG_CANCER,570_1,0
1065,LUNG_CANCER,737_0,2
1066,LUNG_CANCER,43,0
1067,LUNG_CANCER,66_1,4
1068,LUNG_CANCER,720_0,1
1069,LUNG_CANCER,87,3
1070,LUNG_CANCER,346_1,1
1071,LUNG_CANCER,654_1,3
1072,LUNG_CANCER,659_2,3
1073,LUNG_CANCER,710,-1
1074,LUNG_CANCER,959_0,-1
1075,LUNG_CANCER,727_2,-1
1076,LUNG_CANCER,99,4
1077,LUNG_CANCER,292_1,-1
1078,LUNG_CANCER,99_1,-1
1079,LUNG_CANCER,659_1,-1
1080,LUNG_CANCER,140_0,0
1081,LUNG_CANCER,61_1,4
1082,LUNG_CANCER,464_2,0
1083,LUNG_CANCER,175_1,0
1084,LUNG_CANCER,516_2,2
1085,LUNG_CANCER,567_1,4
1086,LUNG_CANCER,579_1,3
1087,LUNG_CANCER,693_2,2
1088,LUNG_CANCER,696_0,2
1089,LUNG_CANCER,194_1,3
1090,LUNG_CANCER,929_2,1
1091,LUNG_CANCER,729_2,1
1092,LUNG_CANCER,896_2,0
1093,LUNG_CANCER,983,2
1094,LUNG_CANCER,521,4
1095,LUNG_CANCER,727,3
1096,LUNG_CANCER,389_2,1
1097,LUNG_CANCER,253_0,1
1098,LUNG_CANCER,253,1
1099,LUNG_CANCER,551,0
1100,LUNG_CANCER,125_1,0
1101,LUNG_CANCER,777_0,2
1102,LUNG_CANCER,195_1,0
1103,LUNG_CANCER,140,2
1104,LUNG_CANCER,551_2,2
1105,LUNG_CANCER,836,0
1106,LUNG_CANCER,286_0,0
1107,LUNG_CANCER,596_0,1
1108,LUNG_CANCER,405_1,1
1109,LUNG_CANCER,355,1
1110,LUNG_CANCER,696_2,2
1111,LUNG_CANCER,567_2,3
1112,LUNG_CANCER,736,4
1113,LUNG_CANCER,264,-1
1114,LUNG_CANCER,945_2,1
1115,LUNG_CANCER,240,0
1116,LUNG_CANCER,525_0,4
1117,LUNG_CANCER,430,4
1118,LUNG_CANCER,662_2,2
1119,LUNG_CANCER,958_0,0
1120,LUNG_CANCER,238_1,3
1121,LUNG_CANCER,368_2,2
1122,LUNG_CANCER,292_0,1
1123,LUNG_CANCER,149_0,3
1124,LUNG_CANCER,678_0,1
1125,LUNG_CANCER,737_2,2
1126,LUNG_CANCER,948_2,4
1127,LUNG_CANCER,829_0,-1
1128,LUNG_CANCER,430_1,3
1129,LUNG_CANCER,389_1,2
1130,LUNG_CANCER,574_1,3
1131,LUNG_CANCER,677_1,3
1132,LUNG_CANCER,169_1,2
1133,LUNG_CANCER,346,2
1134,LUNG_CANCER,247_1,4
1135,LUNG_CANCER,975_2,2
1136,LUNG_CANCER,977_0,4
1137,LUNG_CANCER,425_1,2
1138,LUNG_CANCER,464_1,3
1139,LUNG_CANCER,596,1
1140,LUNG_CANCER,36_1,3
1141,LUNG_CANCER,209,-1
1142,LUNG_CANCER,777,3
1143,LUNG_CANCER,360_1,4
1144,LUNG_CANCER,659_0,1
1145,LUNG_CANCER,521_2,0
1146,LUNG_CANCER,746_2,3
1147,LUNG_CANCER,169_2,1
1148,LUNG_CANCER,769,4
1149,LUNG_CANCER,483_2,1
1150,LUNG_CANCER,835_0,2
1151,LUNG_CANCER,452_2,0
1152,LUNG_CANCER,180_2,4
1153,LUNG_CANCER,760_1,0
1154,LUNG_CANCER,69,3
1155,LUNG_CANCER,308_0,4
1156,LUNG_CANCER,896_0,1
1157,LUNG_CANCER,632_1,0
1158,LUNG_CANCER,438_2,1
1159,LUNG_CANCER,69_1,3
1160,LUNG_CANCER,430_2,2
1161,LUNG_CANCER,721_2,0
1162,LUNG_CANCER,247,1
1163,LUNG_CANCER,399_2,1
1164,LUNG_CANCER,469_2,3
1165,LUNG_CANCER,206_2,2
1166,LUNG_CANCER,508,4
1167,LUNG_CANCER,438_1,2
1168,LUNG_CANCER,212_0,2
1169,LUNG_CANCER,760_0,-1
1170,LUNG_CANCER,979,4
1171,LUNG_CANCER,710_0,0
1172,LUNG_CANCER,64_1,1
1173,LUNG_CANCER,170_2,2
1174,LUNG_CANCER,321_0,2
1175,LUNG_CANCER,593_0,2
1176,LUNG_CANCER,483,4
1177,LUNG_CANCER,170,1
1178,LUNG_CANCER,2,0
1179,LUNG_CANCER,431_2,-1
1180,LUNG_CANCER,570_0,4
1181,LUNG_CANCER,157_0,0
1182,LUNG_CANCER,721_0,3
1183,LUNG_CANCER,523,0
1184,LUNG_CANCER,345_2,4
1185,LYMPHOMA,889,-1
1186,LYMPHOMA,496_2,2
1187,LYMPHOMA,707,2
1188,LYMPHOMA,119_0,0
1189,LYMPHOMA,884_0,-1
1190,LYMPHOMA,767_1,0
1191,LYMPHOMA,361,4
1192,LYMPHOMA,361_0,0
1193,LYMPHOMA,573_1,4
1194,LYMPHOMA,541_1,-1
1195,LYMPHOMA,306_1,1
1196,LYMPHOMA,158_2,4
1197,LYMPHOMA,616,0
1198,LYMPHOMA,120_2,0
1199,LYMPHOMA,400_2,1
1200,LYMPHOMA,913_1,2
1201,LYMPHOMA,590,1
1202,LYMPHOMA,524_1,1
1203,LYMPHOMA,44_2,4
1204,LYMPHOMA,231_1,4
1205,LYMPHOMA,971_0,2
1206,LYMPHOMA,645_0,4
1207,LYMPHOMA,446,-1
1208,LYMPHOMA,306_2,2
1209,LYMPHOMA,786_2,0
1210,LYMPHOMA,612_1,2
1211,LYMPHOMA,939_1,0
1212,LYMPHOMA,14_2,0
1213,LYMPHOMA,545_2,0
1214,LYMPHOMA,921_1,1
1215,LYMPHOMA,145_2,1
1216,LYMPHOMA,380_1,4
1217,LYMPHOMA,590_0,2
1218,LYMPHOMA,616_2,-1
1219,LYMPHOMA,262_2,2
1220,LYMPHOMA,306,4
1221,LYMPHOMA,675_1,3
1222,LYMPHOMA,432_0,2
1223,LYMPHOMA,924,3
1224,LYMPHOMA,1002_1,2
1225,LYMPHOMA,911_0,3
1226,LYMPHOMA,380,2
1227,LYMPHOMA,432_1,0
1228,LYMPHOMA,223_0,0
1229,LYMPHOMA,106_2,4
1230,LYMPHOMA,913_0,2
1231,LYMPHOMA,759_0,3
1232,LYMPHOMA,177,3
1233,LYMPHOMA,319_1,3
1234,LYMPHOMA,973_0,4
1235,LYMPHOMA,951,-1
1236,LYMPHOMA,413,4
1237,LYMPHOMA,806_1,4
1238,LYMPHOMA,39_0,-1
1239,LYMPHOMA,967,4
1240,LYMPHOMA,118,2
1241,LYMPHOMA,231,3
1242,LYMPHOMA,443_0,1
1243,LYMPHOMA,361_1,0
1244,LYMPHOMA,382_2,1
1245,LYMPHOMA,280,3
1246,LYMPHOMA,823_1,3
1247,LYMPHOMA,120_1,-1
1248,LYMPHOMA,573_2,3
1249,LYMPHOMA,790_1,-1
1250,LYMPHOMA,913_2,3
1251,LYMPHOMA,731_0,4
1252,LYMPHOMA,1002,4
1253,LYMPHOMA,390_0,2
1254,LYMPHOMA,110_2,3
1255,LYMPHOMA,666_1,1
1256,LYMPHOMA,128_2,-1
1257,LYMPHOMA,607_1,2
1258,LYMPHOMA,45_0,1
1259,LYMPHOMA,46,1
1260,LYMPHOMA,400_0,0
1261,LYMPHOMA,49_0,3
1262,LYMPHOMA,695_0,-1
1263,LYMPHOMA,152_1,4
1264,LYMPHOMA,768_0,4
1265,LYMPHOMA,573,2
1266,LYMPHOMA,661,1
1267,LYMPHOMA,120,-1
1268,LYMPHOMA,30_0,2
1269,LYMPHOMA,353_0,-1
1270,LYMPHOMA,120_0,3
1271,LYMPHOMA,666_0,3
1272,LYMPHOMA,790,1
1273,LYMPHOMA,315,4
1274,LYMPHOMA,418_0,2
1275,LYMPHOMA,37_2,4
1276,LYMPHOMA,888,3
1277,LYMPHOMA,711_0,1
1278,LYMPHOMA,976,3
1279,LYMPHOMA,655_2,-1
1280,LYMPHOMA,374_2,0
1281,LYMPHOMA,371_1,4
1282,LYMPHOMA,392_0,1
1283,LYMPHOMA,30_1,-1
1284,LYMPHOMA,973_1,1
1285,LYMPHOMA,371,0
1286,LYMPHOMA,470_0,3
1287,LYMPHOMA,976_0,0
1288,LYMPHOMA,663,4
1289,LYMPHOMA,806_0,-1
1290,LYMPHOMA,29_2,3
1291,LYMPHOMA,607_0,0
1292,LYMPHOMA,695_1,0
1293,LYMPHOMA,823,3
1294,LYMPHOMA,372_2,0
1295,LYMPHOMA,374_0,3
1296,LYMPHOMA,432_2,1
1297,LYMPHOMA,390,1
1298,LYMPHOMA,832_1,1
1299,LYMPHOMA,280_1,3
1300,LYMPHOMA,413_0,1
1301,LYMPHOMA,29_0,0
1302,LYMPHOMA,878,-1
1303,LYMPHOMA,379_0,-1
1304,LYMPHOMA,118_2,2
1305,LYMPHOMA,382,1
1306,LYMPHOMA,711_1,1
1307,LYMPHOMA,768_2,0
1308,LYMPHOMA,336_2,3
1309,LYMPHOMA,941,0
1310,LYMPHOMA,58_0,1
1311,LYMPHOMA,166_0,3
1312,LYMPHOMA,781_0,2
1313,LYMPHOMA,408,0
1314,LYMPHOMA,14_1,4
1315,LYMPHOMA,941_1,1
1316,LYMPHOMA,524,4
1317,LYMPHOMA,413_2,1
1318,LYMPHOMA,834,2
1319,LYMPHOMA,39,4
1320,LYMPHOMA,616_1,2
1321,LYMPHOMA,899_1,0
1322,LYMPHOMA,119,2
1323,LYMPHOMA,602,4
1324,LYMPHOMA,166_1,4
1325,LYMPHOMA,928_1,0
1326,LYMPHOMA,231_0,1
1327,LYMPHOMA,446_0,2
1328,LYMPHOMA,602_2,1
1329,LYMPHOMA,976_1,-1
1330,LYMPHOMA,44_1,-1
1331,LYMPHOMA,126_2,4
1332,LYMPHOMA,371_2,0
1333,LYMPHOMA,371_0,0
1334,LYMPHOMA,6,2
1335,LYMPHOMA,158_0,3
1336,LYMPHOMA,185,4
1337,LYMPHOMA,272_2,4
1338,LYMPHOMA,723_0,-1
1339,LYMPHOMA,966,4
1340,LYMPHOMA,661_2,1
1341,LYMPHOMA,315_0,2
1342,LYMPHOMA,379,2
1343,LYMPHOMA,272,3
1344,LYMPHOMA,46_0,2
1345,LYMPHOMA,374,0
1346,LYMPHOMA,119_1,4
1347,LYMPHOMA,118_1,3
1348,LYMPHOMA,52_0,4
1349,LYMPHOMA,697_1,2
1350,LYMPHOMA,566_2,3
1351,LYMPHOMA,940_1,0
1352,LYMPHOMA,118_0,4
1353,LYMPHOMA,390_2,3
1354,LYMPHOMA,392_1,0
1355,LYMPHOMA,786_0,2
1356,LYMPHOMA,999_2,1
1357,LYMPHOMA,939_0,0
1358,LYMPHOMA,663_2,4
1359,LYMPHOMA,45,3
1360,LYMPHOMA,675_2,2
1361,LYMPHOMA,160_1,-1
1362,LYMPHOMA,921_0,4
1363,LYMPHOMA,711,1
1364,LYMPHOMA,966_0,1
1365,LYMPHOMA,684_2,0
1366,LYMPHOMA,759_1,3
1367,LYMPHOMA,98_1,1
1368,LYMPHOMA,641_2,3
1369,LYMPHOMA,152_0,2
1370,LYMPHOMA,231_2,2
1371,LYMPHOMA,602_0,1
1372,LYMPHOMA,6_0,0
1373,LYMPHOMA,29,3
1374,LYMPHOMA,616_0,4
1375,LYMPHOMA,590_2,4
1376,LYMPHOMA,230,2
1377,LYMPHOMA,1010_2,4
1378,LYMPHOMA,834_2,1
1379,LYMPHOMA,49,1
1380,LYMPHOMA,1002_2,3
1381,LYMPHOMA,158,2
1382,LYMPHOMA,24_2,0
1383,LYMPHOMA,1010_0,4
1384,LYMPHOMA,675_0,3
1385,LYMPHOMA,72_2,-1
1386,LYMPHOMA,541_2,4
1387,LYMPHOMA,496,0
1388,LYMPHOMA,44,0
1389,LYMPHOMA,976_2,0
1390,LYMPHOMA,400,3
1391,LYMPHOMA,72_1,3
1392,LYMPHOMA,939,0
1393,LYMPHOMA,256_0,1
1394,LYMPHOMA,235_0,0
1395,LYMPHOMA,517_0,3
1396,LYMPHOMA,496_1,0
1397,LYMPHOMA,50_2,2
1398,LYMPHOMA,6_1,2
1399,LYMPHOMA,349_0,3
1400,LYMPHOMA,160,1
1401,LYMPHOMA,58_2,-1
1402,LYMPHOMA,541,1
1403,LYMPHOMA,967_1,0
1404,LYMPHOMA,641,4
1405,LYMPHOMA,256_2,2
1406,LYMPHOMA,303,1
1407,LYMPHOMA,339_2,2
1408,LYMPHOMA,319,-1
1409,LYMPHOMA,461,0
1410,LYMPHOMA,731_1,3
1411,LYMPHOMA,666_2,2
1412,LYMPHOMA,928_2,1
1413,LYMPHOMA,645_2,3
1414,LYMPHOMA,145_0,4
1415,LYMPHOMA,404_1,0
1416,LYMPHOMA,303_2,4
1417,LYMPHOMA,230_2,4
1418,LYMPHOMA,889_0,3
1419,LYMPHOMA,70_0,0
1420,LYMPHOMA,372,-1
1421,LYMPHOMA,911,2
1422,LYMPHOMA,388_2,1
1423,LYMPHOMA,177_0,-1
1424,LYMPHOMA,806,3
1425,LYMPHOMA,767,4
1426,LYMPHOMA,30_2,-1
1427,LYMPHOMA,582_2,1
1428,LYMPHOMA,128_0,0
1429,LYMPHOMA,759,2
1430,LYMPHOMA,602_1,2
1431,LYMPHOMA,938_1,2
1432,LYMPHOMA,29_1,4
1433,LYMPHOMA,413_1,4
1434,LYMPHOMA,177_1,-1
1435,LYMPHOMA,108_1,-1
1436,LYMPHOMA,418_1,0
1437,LYMPHOMA,71,-1
1438,LYMPHOMA,888_0,2
1439,LYMPHOMA,6_2,3
1440,LYMPHOMA,940,-1
1441,LYMPHOMA,106,4
1442,LYMPHOMA,71_2,4
1443,LYMPHOMA,531_0,4
1444,LYMPHOMA,372_0,1
1445,LYMPHOMA,35,4
1446,LYMPHOMA,470_1,2
1447,LYMPHOMA,707_0,2
1448,LYMPHOMA,50_0,1
1449,LYMPHOMA,767_0,4
1450,LYMPHOMA,951_1,0
1451,LYMPHOMA,723,2
1452,LYMPHOMA,262_0,-1
1453,LYMPHOMA,524_0,3
1454,LYMPHOMA,941_0,0
1455,LYMPHOMA,86_1,3
1456,LYMPHOMA,834_0,2
1457,LYMPHOMA,663_0,0
1458,LYMPHOMA,951_0,3
1459,LYMPHOMA,45_2,4
1460,LYMPHOMA,272_0,2
1461,LYMPHOMA,545,4
1462,LYMPHOMA,843_0,0
1463,LYMPHOMA,145,2
1464,LYMPHOMA,461_2,1
1465,LYMPHOMA,315_1,3
1466,LYMPHOMA,158_1,-1
1467,LYMPHOMA,566_1,0
1468,LYMPHOMA,878_2,4
1469,LYMPHOMA,282_2,0
1470,LYMPHOMA,886,1
1471,LYMPHOMA,912_2,1
1472,LYMPHOMA,1010,0
1473,LYMPHOMA,999,3
1474,LYMPHOMA,684,0
1475,LYMPHOMA,767_2,4
1476,LYMPHOMA,899,0
1477,LYMPHOMA,272_1,4
1478,LYMPHOMA,16,2
1479,LYMPHOMA,1003_1,4
1480,LYMPHOMA,70_1,3
1481,LYMPHOMA,282,1
1482,LYMPHOMA,781,2
1483,LYMPHOMA,336_0,4
1484,LYMPHOMA,86_0,3
1485,LYMPHOMA,731_2,3
1486,LYMPHOMA,781_1,1
1487,LYMPHOMA,44_0,2
1488,LYMPHOMA,349_1,0
1489,LYMPHOMA,126_1,0
1490,LYMPHOMA,786,-1
1491,LYMPHOMA,408_0,4
1492,LYMPHOMA,185_2,1
1493,LYMPHOMA,971_1,3
1494,LYMPHOMA,913,4
1495,LYMPHOMA,353_1,2
1496,LYMPHOMA,58_1,2
1497,LYMPHOMA,938_0,4
1498,LYMPHOMA,128,2
1499,LYMPHOMA,645,2
1500,LYMPHOMA,339_1,2
1501,LYMPHOMA,235_1,4
1502,LYMPHOMA,912_0,2
1503,LYMPHOMA,348_0,0
1504,LYMPHOMA,684_0,2
1505,LYMPHOMA,348,0
1506,LYMPHOMA,306_0,2
1507,LYMPHOMA,319_0,4
1508,LYMPHOMA,924_1,3
1509,LYMPHOMA,223,2
1510,LYMPHOMA,16_1,0
1511,LYMPHOMA,126_0,3
1512,LYMPHOMA,971,0
1513,LYMPHOMA,888_1,3
1514,LYMPHOMA,235_2,3
1515,LYMPHOMA,262,1
1516,LYMPHOMA,695,0
1517,LYMPHOMA,938_2,0
1518,LYMPHOMA,379_2,1
1519,LYMPHOMA,117_1,2
1520,LYMPHOMA,886_0,4
1521,LYMPHOMA,166,0
1522,LYMPHOMA,461_1,1
1523,LYMPHOMA,786_1,4
1524,LYMPHOMA,16_2,4
1525,LYMPHOMA,911_2,4
1526,LYMPHOMA,388_1,3
1527,LYMPHOMA,39_1,2
1528,LYMPHOMA,921_2,1
1529,LYMPHOMA,443_1,2
1530,LYMPHOMA,517,2
1531,LYMPHOMA,154,2
1532,LYMPHOMA,110_1,-1
1533,LYMPHOMA,230_1,2
1534,LYMPHOMA,418,1
1535,LYMPHOMA,380_2,0
1536,LYMPHOMA,235,2
1537,LYMPHOMA,108_2,4
1538,LYMPHOMA,349_2,3
1539,LYMPHOMA,361_2,4
1540,LYMPHOMA,531,3
1541,LYMPHOMA,349,1
1542,LYMPHOMA,999_0,1
1543,LYMPHOMA,390_1,4
1544,LYMPHOMA,14_0,2
1545,LYMPHOMA,72_0,4
1546,LYMPHOMA,999_1,3
1547,LYMPHOMA,322_0,4
1548,LYMPHOMA,282_1,0
1549,LYMPHOMA,126,0
1550,LYMPHOMA,71_0,2
1551,LYMPHOMA,832,1
1552,LYMPHOMA,223_2,1
1553,LYMPHOMA,800_2,4
1554,LYMPHOMA,531_2,2
1555,LYMPHOMA,924_0,2
1556,LYMPHOMA,566_0,0
1557,LYMPHOMA,759_2,3
1558,LYMPHOMA,641_1,-1
1559,LYMPHOMA,928_0,2
1560,LYMPHOMA,322,2
1561,LYMPHOMA,165_1,4
1562,LYMPHOMA,966_1,4
1563,LYMPHOMA,223_1,0
1564,LYMPHOMA,884,0
1565,LYMPHOMA,1003_2,4
1566,LYMPHOMA,108,3
1567,LYMPHOMA,45_1,0
1568,LYMPHOMA,470_2,0
1569,LYMPHOMA,14,-1
1570,LYMPHOMA,707_2,0
1571,LYMPHOMA,372_1,3
1572,LYMPHOMA,86_2,1
1573,LYMPHOMA,612_2,-1
1574,LYMPHOMA,661_1,-1
1575,LYMPHOMA,152_2,2
1576,LYMPHOMA,823_2,2
1577,LYMPHOMA,24,1
1578,LYMPHOMA,536_2,3
1579,LYMPHOMA,49_2,4
1580,LYMPHOMA,35_1,0
1581,LYMPHOMA,695_2,0
1582,LYMPHOMA,110,3
1583,LYMPHOMA,443,3
1584,LYMPHOMA,582_1,2
1585,LYMPHOMA,566,4
1586,LYMPHOMA,52_1,0
1587,LYMPHOMA,800_1,1
1588,LYMPHOMA,152,4
1589,LYMPHOMA,446_1,-1
1590,LYMPHOMA,35_2,1
1591,LYMPHOMA,160_0,3
1592,LYMPHOMA,655_0,3
1593,LYMPHOMA,106_1,3
1594,LYMPHOMA,661_0,2
1595,LYMPHOMA,612_0,3
1596,LYMPHOMA,723_2,4
1597,LYMPHOMA,1003,3
1598,LYMPHOMA,322_1,4
1599,LYMPHOMA,790_2,0
1600,LYMPHOMA,154_1,1
1601,LYMPHOMA,282_0,2
1602,LYMPHOMA,446_2,2
1603,LYMPHOMA,731,2
1604,LYMPHOMA,517_1,4
1605,LYMPHOMA,663_1,4
1606,LYMPHOMA,582_0,2
1607,LYMPHOMA,145_1,0
1608,LYMPHOMA,899_2,3
1609,LYMPHOMA,1003_0,0
1610,LYMPHOMA,517_2,3
1611,LYMPHOMA,966_2,1
1612,LYMPHOMA,886_2,1
1613,LYMPHOMA,256_1,4
1614,LYMPHOMA,339,3
1615,LYMPHOMA,843_1,0
1616,LYMPHOMA,582,4
1617,LYMPHOMA,336_1,0
1618,LYMPHOMA,165,1
1619,LYMPHOMA,39_2,0
1620,LYMPHOMA,16_0,0
1621,LYMPHOMA,938,-1
1622,LYMPHOMA,545_0,-1
1623,LYMPHOMA,823_0,2
1624,LYMPHOMA,30,1
1625,LYMPHOMA,154_0,2
1626,LYMPHOMA,24_1,2
1627,LYMPHOMA,86,1
1628,LYMPHOMA,607_2,4
1629,LYMPHOMA,545_1,1
1630,LYMPHOMA,418_2,-1
1631,LYMPHOMA,128_1,3
1632,LYMPHOMA,303_0,4
1633,LYMPHOMA,940_0,-1
1634,LYMPHOMA,404_2,-1
1635,LYMPHOMA,707_1,1
1636,LYMPHOMA,58,1
1637,LYMPHOMA,374_1,3
1638,LYMPHOMA,684_1,1
1639,LYMPHOMA,160_2,2
1640,LYMPHOMA,256,0
1641,LYMPHOMA,165_2,-1
1642,LYMPHOMA,353,-1
1643,LYMPHOMA,382_1,1
1644,LYMPHOMA,655_1,1
1645,LYMPHOMA,697_2,-1
1646,LYMPHOMA,408_1,3
1647,LYMPHOMA,781_2,1
1648,LYMPHOMA,768,2
1649,LYMPHOMA,800_0,3
1650,LYMPHOMA,315_2,1
1651,LYMPHOMA,404_0,0
1652,LYMPHOMA,878_0,4
1653,LYMPHOMA,154_2,4
1654,LYMPHOMA,392_2,1
1655,LYMPHOMA,339_0,1
1656,LYMPHOMA,70_2,4
1657,LYMPHOMA,889_2,3
1658,LYMPHOMA,899_0,2
1659,LYMPHOMA,443_2,2
1660,LYMPHOMA,50_1,-1
1661,LYMPHOMA,46_2,3
1662,LYMPHOMA,1010_1,3
1663,LYMPHOMA,35_0,2
1664,LYMPHOMA,108_0,1
1665,LYMPHOMA,117_0,2
1666,LYMPHOMA,37_1,3
1667,LYMPHOMA,382_0,1
1668,LYMPHOMA,336,3
1669,LYMPHOMA,280_2,1
1670,LYMPHOMA,50,2
1671,LYMPHOMA,98_0,3
1672,LYMPHOMA,541_0,-1
1673,LYMPHOMA,924_2,1
1674,LYMPHOMA,98_2,1
1675,LYMPHOMA,971_2,3
1676,LYMPHOMA,119_2,1
1677,LYMPHOMA,46_1,3
1678,LYMPHOMA,262_1,2
1679,LYMPHOMA,322_2,2
1680,LYMPHOMA,303_1,0
1681,LYMPHOMA,70,3
1682,LYMPHOMA,843_2,4
1683,LYMPHOMA,496_0,1
1684,LYMPHOMA,886_1,3
1685,LYMPHOMA,645_1,1
1686,LYMPHOMA,531_1,-1
1687,LYMPHOMA,666,1
1688,LYMPHOMA,951_2,0
1689,LYMPHOMA,912,1
1690,LYMPHOMA,697_0,1
1691,LYMPHOMA,392,4
1692,LYMPHOMA,607,4
1693,LYMPHOMA,790_0,0
1694,LYMPHOMA,165_0,1
1695,LYMPHOMA,408_2,-1
1696,LYMPHOMA,888_2,1
1697,LYMPHOMA,884_1,2
1698,LYMPHOMA,52,2
1699,LYMPHOMA,573_0,0
1700,LYMPHOMA,117,3
1701,LYMPHOMA,843,0
1702,LYMPHOMA,72,-1
1703,LYMPHOMA,832_0,2
1704,LYMPHOMA,800,0
1705,LYMPHOMA,117_2,4
1706,LYMPHOMA,612,2
1707,LYMPHOMA,590_1,1
1708,LYMPHOMA,1002_0,0
1709,LYMPHOMA,675,3
1710,LYMPHOMA,230_0,3
1711,LYMPHOMA,967_0,4
1712,LYMPHOMA,280_0,3
1713,LYMPHOMA,404,4
1714,LYMPHOMA,166_2,1
1715,LYMPHOMA,348_1,3
1716,LYMPHOMA,967_2,3
1717,LYMPHOMA,889_1,0
1718,LYMPHOMA,24_0,3
1719,LYMPHOMA,973_2,1
1720,LYMPHOMA,388_0,0
1721,LYMPHOMA,348_2,4
1722,LYMPHOMA,185_1,4
1723,LYMPHOMA,973,1
1724,LYMPHOMA,71_1,2
1725,LYMPHOMA,106_0,2
1726,LYMPHOMA,37,4
1727,LYMPHOMA,353_2,0
1728,LYMPHOMA,185_0,4
1729,LYMPHOMA,37_0,3
1730,LYMPHOMA,461_0,1
1731,LYMPHOMA,884_2,-1
1732,LYMPHOMA,524_2,3
1733,LYMPHOMA,319_2,1
1734,LYMPHOMA,697,0
1735,LYMPHOMA,928,3
1736,LYMPHOMA,98,3
1737,LYMPHOMA,655,1
1738,LYMPHOMA,912_1,1
1739,LYMPHOMA,52_2,2
1740,LYMPHOMA,941_2,3
1741,LYMPHOMA,911_1,1
1742,LYMPHOMA,470,-1
1743,LYMPHOMA,536,0
1744,LYMPHOMA,834_1,0
1745,LYMPHOMA,388,0
1746,LYMPHOMA,641_0,4
1747,LYMPHOMA,940_2,3
1748,LYMPHOMA,768_1,3
1749,LYMPHOMA,400_1,0
1750,LYMPHOMA,536_1,3
1751,LYMPHOMA,921,4
1752,LYMPHOMA,380_0,1
1753,LYMPHOMA,832_2,0
1754,LYMPHOMA,939_2,4
1755,LYMPHOMA,711_2,1
1756,LYMPHOMA,110_0,2
1757,LYMPHOMA,878_1,1
1758,LYMPHOMA,723_1,2
1759,LYMPHOMA,806_2,0
1760,LYMPHOMA,379_1,0
1761,LYMPHOMA,536_0,-1
1762,LYMPHOMA,177_2,3
1763,LYMPHOMA,49_1,-1
1764,LYMPHOMA,432,0
1765,MELANOMA,905_1,2
1766,MELANOMA,972_0,0
1767,MELANOMA,985,2
1768,MELANOMA,111_1,-1
1769,MELANOMA,708_1,1
1770,MELANOMA,192_2,1
1771,MELANOMA,330,0
1772,MELANOMA,719_2,2
1773,MELANOMA,486_0,3
1774,MELANOMA,946_0,2
1775,MELANOMA,952,4
1776,MELANOMA,855_0,4
1777,MELANOMA,758_2,2
1778,MELANOMA,187,0
1779,MELANOMA,865_0,2
1780,MELANOMA,151_0,4
1781,MELANOMA,301,-1
1782,MELANOMA,330_2,1
1783,MELANOMA,159_2,4
1784,MELANOMA,856_0,1
1785,MELANOMA,373,0
1786,MELANOMA,344,3
1787,MELANOMA,620_2,3
1788,MELANOMA,549,1
1789,MELANOMA,187_1,0
1790,MELANOMA,344_1,1
1791,MELANOMA,569_0,-1
1792,MELANOMA,647_0,1
1793,MELANOMA,865_1,-1
1794,MELANOMA,626_2,1
1795,MELANOMA,112_2,2
1796,MELANOMA,614_2,1
1797,MELANOMA,439_0,4
1798,MELANOMA,316_1,-1
1799,MELANOMA,402_2,4
1800,MELANOMA,1006,4
1801,MELANOMA,864_2,4
1802,MELANOMA,972_2,1
1803,MELANOMA,89_0,0
1804,MELANOMA,441_1,0
1805,MELANOMA,862,-1
1806,MELANOMA,980_2,-1
1807,MELANOMA,284,3
1808,MELANOMA,420,1
1809,MELANOMA,988_1,4
1810,MELANOMA,189_2,2
1811,MELANOMA,881_2,2
1812,MELANOMA,237_2,1
1813,MELANOMA,554_1,1
1814,MELANOMA,215,2
1815,MELANOMA,8_0,3
1816,MELANOMA,237,2
1817,MELANOMA,344_2,-1
1818,MELANOMA,462_1,4
1819,MELANOMA,263_1,4
1820,MELANOMA,848_1,3
1821,MELANOMA,492_1,1
1822,MELANOMA,330_1,1
1823,MELANOMA,191_2,-1
1824,MELANOMA,754,1
1825,MELANOMA,163_2,0
1826,MELANOMA,155_2,2
1827,MELANOMA,881_1,0
1828,MELANOMA,354_0,0
1829,MELANOMA,580_1,4
1830,MELANOMA,333_0,1
1831,MELANOMA,1_1,0
1832,MELANOMA,109_0,4
1833,MELANOMA,56_0,4
1834,MELANOMA,287,0
1835,MELANOMA,743_0,3
1836,MELANOMA,48_0,1
1837,MELANOMA,453_0,0
1838,MELANOMA,854_2,0
1839,MELANOMA,735_0,-1
1840,MELANOMA,384_1,1
1841,MELANOMA,53,4
1842,MELANOMA,557_1,0
1843,MELANOMA,934_2,2
1844,MELANOMA,674,2
1845,MELANOMA,584_1,2
1846,MELANOMA,754_1,3
1847,MELANOMA,714_0,4
1848,MELANOMA,743_2,4
1849,MELANOMA,812,0
1850,MELANOMA,268,3
1851,MELANOMA,88_2,1
1852,MELANOMA,998_2,0
1853,MELANOMA,952_1,1
1854,MELANOMA,478_1,0
1855,MELANOMA,109_2,1
1856,MELANOMA,56_2,1
1857,MELANOMA,841_0,3
1858,MELANOMA,980_0,0
1859,MELANOMA,873_2,4
1860,MELANOMA,54_0,2
1861,MELANOMA,852_1,4
1862,MELANOMA,81,1
1863,MELANOMA,643,4
1864,MELANOMA,970_2,3
1865,MELANOMA,611_0,4
1866,MELANOMA,440_2,0
1867,MELANOMA,543,2
1868,MELANOMA,109,1
1869,MELANOMA,111,0
1870,MELANOMA,998_0,3
1871,MELANOMA,105_2,1
1872,MELANOMA,91_2,0
1873,MELANOMA,852,-1
1874,MELANOMA,215_2,1
1875,MELANOMA,186,3
1876,MELANOMA,719_1,4
1877,MELANOMA,163_0,4
1878,MELANOMA,970,0
1879,MELANOMA,276_1,-1
1880,MELANOMA,943_1,4
1881,MELANOMA,554_2,3
1882,MELANOMA,620_0,1
1883,MELANOMA,901_2,-1
1884,MELANOMA,719,3
1885,MELANOMA,426_2,4
1886,MELANOMA,32_1,1
1887,MELANOMA,792_2,0
1888,MELANOMA,20_2,2
1889,MELANOMA,288,0
1890,MELANOMA,481_1,3
1891,MELANOMA,22,2
1892,MELANOMA,855_2,-1
1893,MELANOMA,867,1
1894,MELANOMA,268_2,-1
1895,MELANOMA,187_2,2
1896,MELANOMA,855_1,1
1897,MELANOMA,793_2,2
1898,MELANOMA,943,3
1899,MELANOMA,568_1,2
1900,MELANOMA,316,2
1901,MELANOMA,55_2,2
1902,MELANOMA,539_1,1
1903,MELANOMA,130_2,3
1904,MELANOMA,310_1,0
1905,MELANOMA,646_1,2
1906,MELANOMA,970_1,4
1907,MELANOMA,714_1,4
1908,MELANOMA,244_1,2
1909,MELANOMA,51_1,4
1910,MELANOMA,65,-1
1911,MELANOMA,454_0,3
1912,MELANOMA,179,1
1913,MELANOMA,123_1,-1
1914,MELANOMA,683_2,3
1915,MELANOMA,480,2
1916,MELANOMA,190_2,2
1917,MELANOMA,441_2,-1
1918,MELANOMA,192,3
1919,MELANOMA,245_2,1
1920,MELANOMA,871_1,0
1921,MELANOMA,457_2,0
1922,MELANOMA,946_1,-1
1923,MELANOMA,148_2,2
1924,MELANOMA,871_2,0
1925,MELANOMA,191_1,1
1926,MELANOMA,643_0,2
1927,MELANOMA,22_1,4
1928,MELANOMA,489,1
1929,MELANOMA,852_2,2
1930,MELANOMA,478_0,2
1931,MELANOMA,276,1
1932,MELANOMA,848_2,-1
1933,MELANOMA,626,4
1934,MELANOMA,882,3
1935,MELANOMA,812_2,1
1936,MELANOMA,290,3
1937,MELANOMA,638_0,1
1938,MELANOMA,192_0,1
1939,MELANOMA,270,0
1940,MELANOMA,276_0,1
1941,MELANOMA,229_2,1
1942,MELANOMA,748_0,0
1943,MELANOMA,758_0,4
1944,MELANOMA,700_2,4
1945,MELANOMA,647_1,3
1946,MELANOMA,735,3
1947,MELANOMA,856,3
1948,MELANOMA,301_1,2
1949,MELANOMA,333_2,0
1950,MELANOMA,863_0,3
1951,MELANOMA,974_1,2
1952,MELANOMA,906_0,2
1953,MELANOMA,741_0,3
1954,MELANOMA,55_0,1
1955,MELANOMA,741_2,2
1956,MELANOMA,557_0,3
1957,MELANOMA,558_0,3
1958,MELANOMA,1005,0
1959,MELANOMA,558_1,1
1960,MELANOMA,159_0,4
1961,MELANOMA,397_1,2
1962,MELANOMA,130,2
1963,MELANOMA,397,3
1964,MELANOMA,942_1,0
1965,MELANOMA,8,-1
1966,MELANOMA,868_1,0
1967,MELANOMA,419_0,1
1968,MELANOMA,901_1,1
1969,MELANOMA,249_2,3
1970,MELANOMA,620,2
1971,MELANOMA,848_0,2
1972,MELANOMA,743_1,0
1973,MELANOMA,105,-1
1974,MELANOMA,569,2
1975,MELANOMA,580_0,3
1976,MELANOMA,417_0,3
1977,MELANOMA,568_2,0
1978,MELANOMA,611_1,0
1979,MELANOMA,812_0,1
1980,MELANOMA,974,3
1981,MELANOMA,502_1,4
1982,MELANOMA,8_1,2
1983,MELANOMA,560,4
1984,MELANOMA,65_2,2
1985,MELANOMA,942_0,2
1986,MELANOMA,178_1,4
1987,MELANOMA,419_1,0
1988,MELANOMA,862_1,2
1989,MELANOMA,738,2
1990,MELANOMA,634_0,-1
1991,MELANOMA,252_0,4
1992,MELANOMA,457_0,0
1993,MELANOMA,265_0,3
1994,MELANOMA,454_1,3
1995,MELANOMA,287_2,2
1996,MELANOMA,310_0,1
1997,MELANOMA,440_0,2
1998,MELANOMA,419,1
1999,MELANOMA,190_1,-1
2000,MELANOMA,417_2,4
2001,MELANOMA,674_2,-1
2002,MELANOMA,972,1
2003,MELANOMA,453_2,0
2004,MELANOMA,600_1,3
2005,MELANOMA,474_1,4
2006,MELANOMA,626_0,2
2007,MELANOMA,352_0,3
2008,MELANOMA,580_2,3
2009,MELANOMA,809_0,3
2010,MELANOMA,841_2,2
2011,MELANOMA,856_1,3
2012,MELANOMA,643_2,0
2013,MELANOMA,709,0
2014,MELANOMA,539,4
2015,MELANOMA,502_2,3
2016,MELANOMA,709_2,3
2017,MELANOMA,547_0,0
2018,MELANOMA,617,0
2019,MELANOMA,862_2,0
2020,MELANOMA,148_0,-1
2021,MELANOMA,263_2,4
2022,MELANOMA,875,3
2023,MELANOMA,33_1,3
2024,MELANOMA,186_0,0
2025,MELANOMA,284_2,-1
2026,MELANOMA,384,4
2027,MELANOMA,985_2,2
2028,MELANOMA,53_1,1
2029,MELANOMA,88_1,3
2030,MELANOMA,68_0,2
2031,MELANOMA,192_1,0
2032,MELANOMA,901_0,-1
2033,MELANOMA,82_2,2
2034,MELANOMA,709_0,1
2035,MELANOMA,643_1,3
2036,MELANOMA,354_2,0
2037,MELANOMA,873_0,0
2038,MELANOMA,159,2
2039,MELANOMA,855,3
2040,MELANOMA,53_2,4
2041,MELANOMA,844,3
2042,MELANOMA,373_1,-1
2043,MELANOMA,105_1,0
2044,MELANOMA,187_0,-1
2045,MELANOMA,453_1,-1
2046,MELANOMA,854_1,1
2047,MELANOMA,584_0,4
2048,MELANOMA,56_1,0
2049,MELANOMA,1005_1,3
2050,MELANOMA,244,3
2051,MELANOMA,439_1,-1
2052,MELANOMA,812_1,2
2053,MELANOMA,905_0,2
2054,MELANOMA,947_0,2
2055,MELANOMA,584_2,4
2056,MELANOMA,268_0,-1
2057,MELANOMA,155_0,3
2058,MELANOMA,700_1,2
2059,MELANOMA,558_2,0
2060,MELANOMA,866_1,0
2061,MELANOMA,998,1
2062,MELANOMA,658_1,2
2063,MELANOMA,522_2,4
2064,MELANOMA,123_0,0
2065,MELANOMA,708_0,4
2066,MELANOMA,568_0,0
2067,MELANOMA,748_1,3
2068,MELANOMA,426_1,2
2069,MELANOMA,947,0
2070,MELANOMA,33_2,0
2071,MELANOMA,674_0,1
2072,MELANOMA,123_2,4
2073,MELANOMA,580,4
2074,MELANOMA,547,0
2075,MELANOMA,465_0,2
2076,MELANOMA,373_2,3
2077,MELANOMA,648_2,0
2078,MELANOMA,32,4
2079,MELANOMA,943_2,2
2080,MELANOMA,480_1,2
2081,MELANOMA,868_0,3
2082,MELANOMA,59_2,4
2083,MELANOMA,820_0,0
2084,MELANOMA,511_1,4
2085,MELANOMA,155_1,3
2086,MELANOMA,90_1,1
2087,MELANOMA,755_2,1
2088,MELANOMA,88,4
2089,MELANOMA,68_1,2
2090,MELANOMA,20_1,2
2091,MELANOMA,965_0,3
2092,MELANOMA,179_2,1
2093,MELANOMA,658,4
2094,MELANOMA,809_1,3
2095,MELANOMA,252,3
2096,MELANOMA,218_0,1
2097,MELANOMA,88_0,0
2098,MELANOMA,1,2
2099,MELANOMA,569_1,3
2100,MELANOMA,930_0,3
2101,MELANOMA,539_2,4
2102,MELANOMA,1_0,0
2103,MELANOMA,68_2,0
2104,MELANOMA,186_1,4
2105,MELANOMA,284_1,2
2106,MELANOMA,646,-1
2107,MELANOMA,462_2,4
2108,MELANOMA,856_2,4
2109,MELANOMA,252_1,1
2110,MELANOMA,998_1,4
2111,MELANOMA,97_2,2
2112,MELANOMA,905,1
2113,MELANOMA,865_2,3
2114,MELANOMA,708_2,2
2115,MELANOMA,270_0,0
2116,MELANOMA,480_0,1
2117,MELANOMA,882_2,0
2118,MELANOMA,81_2,3
2119,MELANOMA,179_0,3
2120,MELANOMA,111_2,-1
2121,MELANOMA,700,0
2122,MELANOMA,868_2,3
2123,MELANOMA,557,-1
2124,MELANOMA,457_1,2
2125,MELANOMA,942,0
2126,MELANOMA,237_1,2
2127,MELANOMA,985_1,-1
2128,MELANOMA,502_0,-1
2129,MELANOMA,94,2
2130,MELANOMA,130_0,0
2131,MELANOMA,841,4
2132,MELANOMA,1005_2,3
2133,MELANOMA,384_2,4
2134,MELANOMA,591,3
2135,MELANOMA,617_2,-1
2136,MELANOMA,218,1
2137,MELANOMA,159_1,0
2138,MELANOMA,55,0
2139,MELANOMA,20,3
2140,MELANOMA,617_1,3
2141,MELANOMA,420_2,2
2142,MELANOMA,0_0,-1
2143,MELANOMA,906_2,0
2144,MELANOMA,502,0
2145,MELANOMA,265,2
2146,MELANOMA,901,2
2147,MELANOMA,112,1
2148,MELANOMA,59_0,0
2149,MELANOMA,864_0,4
2150,MELANOMA,163,-1
2151,MELANOMA,178_0,0
2152,MELANOMA,852_0,0
2153,MELANOMA,97_0,2
2154,MELANOMA,245_1,3
2155,MELANOMA,486_2,3
2156,MELANOMA,611,4
2157,MELANOMA,249_0,1
2158,MELANOMA,420_1,4
2159,MELANOMA,397_2,1
2160,MELANOMA,863,-1
2161,MELANOMA,683_1,1
2162,MELANOMA,287_0,0
2163,MELANOMA,854,1
2164,MELANOMA,59,3
2165,MELANOMA,288_2,-1
2166,MELANOMA,333,2
2167,MELANOMA,245_0,3
2168,MELANOMA,538_0,1
2169,MELANOMA,864,0
2170,MELANOMA,842_2,1
2171,MELANOMA,647_2,4
2172,MELANOMA,960,1
2173,MELANOMA,792,1
2174,MELANOMA,33_0,3
2175,MELANOMA,51,4
2176,MELANOMA,441_0,2
2177,MELANOMA,82_1,1
2178,MELANOMA,480_2,3
2179,MELANOMA,33,1
2180,MELANOMA,22_2,4
2181,MELANOMA,980,4
2182,MELANOMA,89_2,4
2183,MELANOMA,115_1,2
2184,MELANOMA,1009,3
2185,MELANOMA,91_0,1
2186,MELANOMA,55_1,1
2187,MELANOMA,115,3
2188,MELANOMA,591_2,2
2189,MELANOMA,844_1,2
2190,MELANOMA,930,2
2191,MELANOMA,626_1,0
2192,MELANOMA,426_0,3
2193,MELANOMA,94_2,3
2194,MELANOMA,634_2,0
2195,MELANOMA,344_0,2
2196,MELANOMA,115_0,3
2197,MELANOMA,163_1,0
2198,MELANOMA,809_2,0
2199,MELANOMA,82_0,1
2200,MELANOMA,985_0,4
2201,MELANOMA,90_0,3
2202,MELANOMA,478,0
2203,MELANOMA,465_2,2
2204,MELANOMA,191,1
2205,MELANOMA,820_1,1
2206,MELANOMA,735_1,-1
2207,MELANOMA,440,4
2208,MELANOMA,905_2,3
2209,MELANOMA,417,3
2210,MELANOMA,646_2,0
2211,MELANOMA,191_0,3
2212,MELANOMA,906_1,2
2213,MELANOMA,617_0,1
2214,MELANOMA,535_1,3
2215,MELANOMA,980_1,2
2216,MELANOMA,97,0
2217,MELANOMA,301_0,2
2218,MELANOMA,638_2,0
2219,MELANOMA,820_2,-1
2220,MELANOMA,549_1,0
2221,MELANOMA,614_1,2
2222,MELANOMA,310_2,4
2223,MELANOMA,620_1,0
2224,MELANOMA,354_1,1
2225,MELANOMA,419_2,4
2226,MELANOMA,287_1,4
2227,MELANOMA,218_2,0
2228,MELANOMA,511_0,2
2229,MELANOMA,646_0,0
2230,MELANOMA,265_2,0
2231,MELANOMA,522_1,4
2232,MELANOMA,148_1,2
2233,MELANOMA,952_0,0
2234,MELANOMA,714_2,3
2235,MELANOMA,648,-1
2236,MELANOMA,54,2
2237,MELANOMA,56,3
2238,MELANOMA,314,4
2239,MELANOMA,591_0,4
2240,MELANOMA,875_2,-1
2241,MELANOMA,111_0,0
2242,MELANOMA,352_2,4
2243,MELANOMA,709_1,2
2244,MELANOMA,943_0,1
2245,MELANOMA,538,4
2246,MELANOMA,844_0,2
2247,MELANOMA,683_0,0
2248,MELANOMA,0_1,4
2249,MELANOMA,462_0,4
2250,MELANOMA,658_0,1
2251,MELANOMA,32_0,2
2252,MELANOMA,614,2
2253,MELANOMA,384_0,4
2254,MELANOMA,51_0,4
2255,MELANOMA,426,1
2256,MELANOMA,854_0,2
2257,MELANOMA,65_1,4
2258,MELANOMA,708,-1
2259,MELANOMA,478_2,2
2260,MELANOMA,229,4
2261,MELANOMA,965_1,4
2262,MELANOMA,263_0,1
2263,MELANOMA,218_1,4
2264,MELANOMA,758,-1
2265,MELANOMA,290_0,1
2266,MELANOMA,947_1,4
2267,MELANOMA,549_2,1
2268,MELANOMA,440_1,1
2269,MELANOMA,591_1,3
2270,MELANOMA,538_1,-1
2271,MELANOMA,960_0,4
2272,MELANOMA,65_0,2
2273,MELANOMA,569_2,3
2274,MELANOMA,553_2,1
2275,MELANOMA,8_2,1
2276,MELANOMA,934_0,0
2277,MELANOMA,178,0
2278,MELANOMA,735_2,3
2279,MELANOMA,611_2,1
2280,MELANOMA,867_2,0
2281,MELANOMA,420_0,1
2282,MELANOMA,930_1,1
2283,MELANOMA,1005_0,4
2284,MELANOMA,755_0,4
2285,MELANOMA,558,-1
2286,MELANOMA,59_1,1
2287,MELANOMA,535,4
2288,MELANOMA,873_1,3
2289,MELANOMA,738_0,0
2290,MELANOMA,48_2,-1
2291,MELANOMA,249,4
2292,MELANOMA,809,0
2293,MELANOMA,81_0,1
2294,MELANOMA,638,0
2295,MELANOMA,68,1
2296,MELANOMA,453,-1
2297,MELANOMA,48_1,1
2298,MELANOMA,481_2,2
2299,MELANOMA,288_0,2
2300,MELANOMA,51_2,4
2301,MELANOMA,492_0,1
2302,MELANOMA,454,2
2303,MELANOMA,842_1,2
2304,MELANOMA,842_0,3
2305,MELANOMA,48,2
2306,MELANOMA,352,4
2307,MELANOMA,229_0,3
2308,MELANOMA,316_2,1
2309,MELANOMA,489_2,4
2310,MELANOMA,842,2
2311,MELANOMA,276_2,0
2312,MELANOMA,600_2,2
2313,MELANOMA,974_0,2
2314,MELANOMA,252_2,4
2315,MELANOMA,554,1
2316,MELANOMA,1009_1,-1
2317,MELANOMA,270_2,0
2318,MELANOMA,402_0,4
2319,MELANOMA,190,3
2320,MELANOMA,330_0,1
2321,MELANOMA,868,3
2322,MELANOMA,89,-1
2323,MELANOMA,548_2,2
2324,MELANOMA,946_2,2
2325,MELANOMA,94_0,0
2326,MELANOMA,439,1
2327,MELANOMA,301_2,0
2328,MELANOMA,848,0
2329,MELANOMA,249_1,0
2330,MELANOMA,748_2,2
2331,MELANOMA,875_0,4
2332,MELANOMA,474,4
2333,MELANOMA,658_2,4
2334,MELANOMA,871_0,0
2335,MELANOMA,189_1,2
2336,MELANOMA,792_0,1
2337,MELANOMA,881_0,1
2338,MELANOMA,547_2,2
2339,MELANOMA,352_1,0
2340,MELANOMA,535_2,-1
2341,MELANOMA,743,1
2342,MELANOMA,1_2,0
2343,MELANOMA,402_1,4
2344,MELANOMA,314_2,2
2345,MELANOMA,793,1
2346,MELANOMA,865,3
2347,MELANOMA,553_1,0
2348,MELANOMA,906,0
2349,MELANOMA,189_0,2
2350,MELANOMA,882_0,3
2351,MELANOMA,270_1,1
2352,MELANOMA,1006_2,-1
2353,MELANOMA,333_1,1
2354,MELANOMA,489_1,3
2355,MELANOMA,648_1,4
2356,MELANOMA,881,3
2357,MELANOMA,748,-1
2358,MELANOMA,489_0,3
2359,MELANOMA,1006_1,0
2360,MELANOMA,265_1,3
2361,MELANOMA,553_0,0
2362,MELANOMA,548_0,3
2363,MELANOMA,882_1,-1
2364,MELANOMA,758_1,3
2365,MELANOMA,123,1
2366,MELANOMA,820,4
2367,MELANOMA,244_2,3
2368,MELANOMA,634_1,4
2369,MELANOMA,97_1,2
2370,MELANOMA,457,4
2371,MELANOMA,560_1,1
2372,MELANOMA,82,0
2373,MELANOMA,741,0
2374,MELANOMA,866_2,-1
2375,MELANOMA,568,1
2376,MELANOMA,0_2,1
2377,MELANOMA,946,0
2378,MELANOMA,549_0,4
2379,MELANOMA,553,1
2380,MELANOMA,190_0,2
2381,MELANOMA,638_1,0
2382,MELANOMA,462,4
2383,MELANOMA,215_0,0
2384,MELANOMA,522_0,1
2385,MELANOMA,952_2,2
2386,MELANOMA,614_0,1
2387,MELANOMA,543_0,2
2388,MELANOMA,245,3
2389,MELANOMA,934_1,0
2390,MELANOMA,105_0,0
2391,MELANOMA,1009_2,2
2392,MELANOMA,314_0,4
2393,MELANOMA,755,-1
2394,MELANOMA,714,0
2395,MELANOMA,741_1,4
2396,MELANOMA,862_0,-1
2397,MELANOMA,0,4
2398,MELANOMA,547_1,-1
2399,MELANOMA,22_0,1
2400,MELANOMA,634,3
2401,MELANOMA,492,3
2402,MELANOMA,863_1,2
2403,MELANOMA,1006_0,3
2404,MELANOMA,417_1,0
2405,MELANOMA,841_1,1
2406,MELANOMA,844_2,3
2407,MELANOMA,354,3
2408,MELANOMA,960_1,2
2409,MELANOMA,674_1,4
2410,MELANOMA,942_2,-1
2411,MELANOMA,81_1,3
2412,MELANOMA,738_2,4
2413,MELANOMA,91_1,1
2414,MELANOMA,439_2,0
2415,MELANOMA,474_0,4
2416,MELANOMA,316_0,4
2417,MELANOMA,792_1,2
2418,MELANOMA,584,4
2419,MELANOMA,988_2,0
2420,MELANOMA,486,4
2421,MELANOMA,934,2
2422,MELANOMA,538_2,1
2423,MELANOMA,284_0,3
2424,MELANOMA,244_0,1
2425,MELANOMA,310,1
2426,MELANOMA,237_0,2
2427,MELANOMA,738_1,4
2428,MELANOMA,793_0,3
2429,MELANOMA,970_0,3
2430,MELANOMA,155,-1
2431,MELANOMA,454_2,1
2432,MELANOMA,373_0,2
2433,MELANOMA,557_2,4
2434,MELANOMA,560_0,1
2435,MELANOMA,648_0,2
2436,MELANOMA,54_2,1
2437,MELANOMA,719_0,3
2438,MELANOMA,871,2
2439,MELANOMA,402,4
2440,MELANOMA,465_1,0
2441,MELANOMA,755_1,-1
2442,MELANOMA,492_2,1
2443,MELANOMA,647,2
2444,MELANOMA,960_2,4
2445,MELANOMA,700_0,4
2446,MELANOMA,988_0,3
2447,MELANOMA,1009_0,0
2448,MELANOMA,873,3
2449,MELANOMA,90,-1
2450,MELANOMA,465,3
2451,MELANOMA,91,0
2452,MELANOMA,268_1,1
2453,MELANOMA,290_1,0
2454,MELANOMA,179_1,3
2455,MELANOMA,481_0,4
2456,MELANOMA,947_2,2
2457,MELANOMA,867_1,1
2458,MELANOMA,866_0,3
2459,MELANOMA,560_2,3
2460,MELANOMA,229_1,3
2461,MELANOMA,112_0,3
2462,MELANOMA,864_1,4
2463,MELANOMA,974_2,1
2464,MELANOMA,441,1
2465,MELANOMA,543_2,3
2466,MELANOMA,866,4
2467,MELANOMA,288_1,1
2468,MELANOMA,32_2,1
2469,MELANOMA,511_2,3
2470,MELANOMA,539_0,0
2471,MELANOMA,554_0,-1
2472,MELANOMA,972_1,2
2473,MELANOMA,522,3
2474,MELANOMA,109_1,4
2475,MELANOMA,151,2
2476,MELANOMA,90_2,-1
2477,MELANOMA,20_0,3
2478,MELANOMA,481,-1
2479,MELANOMA,600_0,0
2480,MELANOMA,115_2,3
2481,MELANOMA,314_1,1
2482,MELANOMA,263,0
2483,MELANOMA,397_0,3
2484,MELANOMA,178_2,1
2485,MELANOMA,54_1,-1
2486,MELANOMA,151_1,2
2487,MELANOMA,875_1,3
2488,MELANOMA,148,2
2489,MELANOMA,965,4
2490,MELANOMA,290_2,2
2491,MELANOMA,474_2,-1
2492,MELANOMA,965_2,4
2493,MELANOMA,486_1,0
2494,MELANOMA,535_0,0
2495,MELANOMA,151_2,-1
2496,MELANOMA,112_1,4
2497,MELANOMA,793_1,0
2498,MELANOMA,94_1,-1
2499,MELANOMA,189,4
2500,MELANOMA,511,-1
2501,MELANOMA,89_1,4
2502,MELANOMA,186_2,2
2503,MELANOMA,548,3
2504,MELANOMA,863_2,3
2505,MELANOMA,867_0,4
2506,MELANOMA,543_1,4
2507,MELANOMA,930_2,1
2508,MELANOMA,683,2
2509,MELANOMA,754_0,1
2510,MELANOMA,53_0,0
2511,MELANOMA,215_1,4
2512,MELANOMA,754_2,4
2513,MELANOMA,600,1
2514,MELANOMA,130_1,3
2515,MELANOMA,988,0
2516,MELANOMA,548_1,3
